"Run","TotalSeconds","TotalMilliseconds","FormattedTime"
"1","0.0241531","24.1531","00:00:00.0241531"
"2","0.0202582","20.2582","00:00:00.0202582"
"3","0.020079","20.079","00:00:00.0200790"
"4","0.0208552","20.8552","00:00:00.0208552"
"5","0.0218741","21.8741","00:00:00.0218741"
