"Run","TotalSeconds","TotalMilliseconds","FormattedTime"
"1","0.1506858","150.6858","00:00:00.1506858"
"2","0.1537185","153.7185","00:00:00.1537185"
"3","0.1465414","146.5414","00:00:00.1465414"
"4","0.1516391","151.6391","00:00:00.1516391"
"5","0.1497733","149.7733","00:00:00.1497733"
