"Run","TotalSeconds","TotalMilliseconds","FormattedTime"
"1","0.0314684","31.4684","00:00:00.0314684"
"2","0.0265481","26.5481","00:00:00.0265481"
"3","0.0222909","22.2909","00:00:00.0222909"
"4","0.0209003","20.9003","00:00:00.0209003"
"5","0.0257455","25.7455","00:00:00.0257455"
