"Run","TotalSeconds","TotalMilliseconds","FormattedTime"
"1","0.0429541","42.9541","00:00:00.0429541"
"2","0.0323938","32.3938","00:00:00.0323938"
"3","0.0336178","33.6178","00:00:00.0336178"
"4","0.0302198","30.2198","00:00:00.0302198"
"5","0.0280991","28.0991","00:00:00.0280991"
