"Run","TotalSeconds","TotalMilliseconds","FormattedTime"
"1","0.0438736","43.8736","00:00:00.0438736"
"2","0.0230611","23.0611","00:00:00.0230611"
"3","0.0252133","25.2133","00:00:00.0252133"
"4","0.0257456","25.7456","00:00:00.0257456"
"5","0.0270366","27.0366","00:00:00.0270366"
