"Run","TotalSeconds","TotalMilliseconds","FormattedTime"
"1","1.6372892","1637.2892","00:00:01.6372892"
"2","1.7993398","1799.3398","00:00:01.7993398"
"3","1.8706218","1870.6218","00:00:01.8706218"
"4","1.7668417","1766.8417","00:00:01.7668417"
"5","1.7919787","1791.9787","00:00:01.7919787"
