"Run","TotalSeconds","TotalMilliseconds","FormattedTime"
"1","0.0335116","33.5116","00:00:00.0335116"
"2","0.0321034","32.1034","00:00:00.0321034"
"3","0.0339012","33.9012","00:00:00.0339012"
"4","0.0375641","37.5641","00:00:00.0375641"
"5","0.0386542","38.6542","00:00:00.0386542"
