"Run","TotalSeconds","TotalMilliseconds","FormattedTime"
"1","0.1206998","120.6998","00:00:00.1206998"
"2","0.1137801","113.7801","00:00:00.1137801"
"3","0.1178062","117.8062","00:00:00.1178062"
"4","0.1147412","114.7412","00:00:00.1147412"
"5","0.1207124","120.7124","00:00:00.1207124"
