"Run","TotalSeconds","TotalMilliseconds","FormattedTime"
"1","0.18418","184.18","00:00:00.1841800"
"2","0.1139235","113.9235","00:00:00.1139235"
"3","0.1128177","112.8177","00:00:00.1128177"
"4","0.1181851","118.1851","00:00:00.1181851"
"5","0.1108532","110.8532","00:00:00.1108532"
