"Run","TotalSeconds","TotalMilliseconds","FormattedTime"
"1","0.2593938","259.3938","00:00:00.2593938"
"2","0.2473649","247.3649","00:00:00.2473649"
"3","0.2667671","266.7671","00:00:00.2667671"
"4","0.2323918","232.3918","00:00:00.2323918"
"5","0.2319824","231.9824","00:00:00.2319824"
