"Run","TotalSeconds","TotalMilliseconds","FormattedTime"
"1","0.1042497","104.2497","00:00:00.1042497"
"2","0.1000715","100.0715","00:00:00.1000715"
"3","0.0993623","99.3623","00:00:00.0993623"
"4","0.0970769","97.0769","00:00:00.0970769"
"5","0.1023423","102.3423","00:00:00.1023423"
