"Run","TotalSeconds","TotalMilliseconds","FormattedTime"
"1","0.1372926","137.2926","00:00:00.1372926"
"2","0.1265022","126.5022","00:00:00.1265022"
"3","0.1245693","124.5693","00:00:00.1245693"
"4","0.1262617","126.2617","00:00:00.1262617"
"5","0.156214","156.214","00:00:00.1562140"
