"Run","TotalSeconds","TotalMilliseconds","FormattedTime"
"1","1.5762375","1576.2375","00:00:01.5762375"
"2","1.4982335","1498.2335","00:00:01.4982335"
"3","1.8737903","1873.7903","00:00:01.8737903"
"4","2.1200057","2120.0057","00:00:02.1200057"
"5","2.4900724","2490.0724","00:00:02.4900724"
