"Run","TotalSeconds","TotalMilliseconds","FormattedTime"
"1","0.1224028","122.4028","00:00:00.1224028"
"2","0.0985813","98.5813","00:00:00.0985813"
"3","0.1010675","101.0675","00:00:00.1010675"
"4","0.1061058","106.1058","00:00:00.1061058"
"5","0.1069519","106.9519","00:00:00.1069519"
