"Run","TotalSeconds","TotalMilliseconds","FormattedTime"
"1","0.2199537","219.9537","00:00:00.2199537"
"2","0.1941517","194.1517","00:00:00.1941517"
"3","0.2006546","200.6546","00:00:00.2006546"
"4","0.1898758","189.8758","00:00:00.1898758"
"5","0.1988019","198.8019","00:00:00.1988019"
