"Run","TotalSeconds","TotalMilliseconds","FormattedTime"
"1","14.7507058","14750.7058","00:00:14.7507058"
"2","15.2140774","15214.0774","00:00:15.2140774"
"3","15.3445034","15344.5034","00:00:15.3445034"
"4","20.9588254","20958.8254","00:00:20.9588254"
"5","18.8179951","18817.9951","00:00:18.8179951"
