"Run","TotalSeconds","TotalMilliseconds","FormattedTime"
"1","0.0732162","73.2162","00:00:00.0732162"
"2","0.0680053","68.0053","00:00:00.0680053"
"3","0.0797214","79.7214","00:00:00.0797214"
"4","0.0727955","72.7955","00:00:00.0727955"
"5","0.0760889","76.0889","00:00:00.0760889"
