"Run","TotalSeconds","TotalMilliseconds","FormattedTime"
"1","0.087775","87.775","00:00:00.0877750"
"2","0.0840512","84.0512","00:00:00.0840512"
"3","0.0800206","80.0206","00:00:00.0800206"
"4","0.0735128","73.5128","00:00:00.0735128"
"5","0.0750999","75.0999","00:00:00.0750999"
