"Run","TotalSeconds","TotalMilliseconds","FormattedTime"
"1","0.1306979","130.6979","00:00:00.1306979"
"2","0.1003914","100.3914","00:00:00.1003914"
"3","0.1058419","105.8419","00:00:00.1058419"
"4","0.1023309","102.3309","00:00:00.1023309"
"5","0.1034618","103.4618","00:00:00.1034618"
