"Run","TotalSeconds","TotalMilliseconds","FormattedTime"
"1","0.3072276","307.2276","00:00:00.3072276"
"2","0.2639387","263.9387","00:00:00.2639387"
"3","0.2464975","246.4975","00:00:00.2464975"
"4","0.2476425","247.6425","00:00:00.2476425"
"5","0.2473455","247.3455","00:00:00.2473455"
