"Run","TotalSeconds","TotalMilliseconds","FormattedTime"
"1","1.6280115","1628.0115","00:00:01.6280115"
"2","1.7098964","1709.8964","00:00:01.7098964"
"3","1.9445322","1944.5322","00:00:01.9445322"
"4","2.5017424","2501.7424","00:00:02.5017424"
"5","2.4224017","2422.4017","00:00:02.4224017"
